1	CAMCOA112S	acataacgc:acataacgc	TTAGATACCCCACTATGC	TAGAACAGGCTCCTCTAG	F
1	CAMCOA212S	tagtggttc:tagtggttc	TTAGATACCCCACTATGC	TAGAACAGGCTCCTCTAG	F
1	CAMCOA312S	caatagtga:caatagtga	TTAGATACCCCACTATGC	TAGAACAGGCTCCTCTAG	F
1	CAMCOB112S	taatacggt:taatacggt	TTAGATACCCCACTATGC	TAGAACAGGCTCCTCTAG	F
1	CAMCOB212S	agtcaaggc:agtcaaggc	TTAGATACCCCACTATGC	TAGAACAGGCTCCTCTAG	F
1	CAMCOB312S	actattggt:actattggt	TTAGATACCCCACTATGC	TAGAACAGGCTCCTCTAG	F
1	CAMCOC112S	agtgtccag:agtgtccag	TTAGATACCCCACTATGC	TAGAACAGGCTCCTCTAG	F
1	CAMCOC212S	aagacttcc:aagacttcc	TTAGATACCCCACTATGC	TAGAACAGGCTCCTCTAG	F
1	CAMCOC312S	cgagtccgt:cgagtccgt	TTAGATACCCCACTATGC	TAGAACAGGCTCCTCTAG	F
1	CAMNCA112S	aagaatctt:aagaatctt	TTAGATACCCCACTATGC	TAGAACAGGCTCCTCTAG	F
1	CAMNCA212S	ttcagagcg:ttcagagcg	TTAGATACCCCACTATGC	TAGAACAGGCTCCTCTAG	F
1	CAMNCA312S	cgcactgtt:cgcactgtt	TTAGATACCCCACTATGC	TAGAACAGGCTCCTCTAG	F
1	CAMNCB112S	tccactcat:tccactcat	TTAGATACCCCACTATGC	TAGAACAGGCTCCTCTAG	F
1	CAMNCB212S	gacagcgcg:gacagcgcg	TTAGATACCCCACTATGC	TAGAACAGGCTCCTCTAG	F
1	CAMNCB312S	aacactaac:aacactaac	TTAGATACCCCACTATGC	TAGAACAGGCTCCTCTAG	F
1	CAMNCC112S	atacctgcg:atacctgcg	TTAGATACCCCACTATGC	TAGAACAGGCTCCTCTAG	F
1	CAMNCC212S	ttacagatc:ttacagatc	TTAGATACCCCACTATGC	TAGAACAGGCTCCTCTAG	F
1	CAMNCC312S	ctccacttc:ctccacttc	TTAGATACCCCACTATGC	TAGAACAGGCTCCTCTAG	F
1	L1COA112S	ctatccgcc:ctatccgcc	TTAGATACCCCACTATGC	TAGAACAGGCTCCTCTAG	F
1	L1COA212S	ctgcgagca:ctgcgagca	TTAGATACCCCACTATGC	TAGAACAGGCTCCTCTAG	F
1	L1COA312S	ttagtccac:ttagtccac	TTAGATACCCCACTATGC	TAGAACAGGCTCCTCTAG	F
1	L1COB112S	cgcacagcc:cgcacagcc	TTAGATACCCCACTATGC	TAGAACAGGCTCCTCTAG	F
1	L1COB212S	ttatatatg:ttatatatg	TTAGATACCCCACTATGC	TAGAACAGGCTCCTCTAG	F
1	L1COB312S	gtatacgct:gtatacgct	TTAGATACCCCACTATGC	TAGAACAGGCTCCTCTAG	F
1	L1COC112S	accgaataa:accgaataa	TTAGATACCCCACTATGC	TAGAACAGGCTCCTCTAG	F
1	L1COC212S	ctattgagg:ctattgagg	TTAGATACCCCACTATGC	TAGAACAGGCTCCTCTAG	F
1	L1COC312S	gtgacctgg:gtgacctgg	TTAGATACCCCACTATGC	TAGAACAGGCTCCTCTAG	F
1	L1NCA112S	aagcaagaa:aagcaagaa	TTAGATACCCCACTATGC	TAGAACAGGCTCCTCTAG	F
1	L1NCA212S	caacgagtt:caacgagtt	TTAGATACCCCACTATGC	TAGAACAGGCTCCTCTAG	F
1	L1NCA312S	gaggtatct:gaggtatct	TTAGATACCCCACTATGC	TAGAACAGGCTCCTCTAG	F
1	L1NCB112S	gttgctagg:gttgctagg	TTAGATACCCCACTATGC	TAGAACAGGCTCCTCTAG	F
1	L1NCB212S	atctgcgcg:atctgcgcg	TTAGATACCCCACTATGC	TAGAACAGGCTCCTCTAG	F
1	L1NCB312S	aacgattac:aacgattac	TTAGATACCCCACTATGC	TAGAACAGGCTCCTCTAG	F
1	L1NCC112S	tatgtcact:tatgtcact	TTAGATACCCCACTATGC	TAGAACAGGCTCCTCTAG	F
1	L1NCC212S	ctgcctacc:ctgcctacc	TTAGATACCCCACTATGC	TAGAACAGGCTCCTCTAG	F
1	L1NCC312S	agttaacta:agttaacta	TTAGATACCCCACTATGC	TAGAACAGGCTCCTCTAG	F
1	L2COA112S	acgaggcga:acgaggcga	TTAGATACCCCACTATGC	TAGAACAGGCTCCTCTAG	F
1	L2COA212S	gccttggca:gccttggca	TTAGATACCCCACTATGC	TAGAACAGGCTCCTCTAG	F
1	L2COA312S	tagcagtac:tagcagtac	TTAGATACCCCACTATGC	TAGAACAGGCTCCTCTAG	F
1	L2COB112S	agctcgagt:agctcgagt	TTAGATACCCCACTATGC	TAGAACAGGCTCCTCTAG	F
1	L2COB212S	tccggttgg:tccggttgg	TTAGATACCCCACTATGC	TAGAACAGGCTCCTCTAG	F
1	L2COB312S	cgcttgccg:cgcttgccg	TTAGATACCCCACTATGC	TAGAACAGGCTCCTCTAG	F
1	L2COC112S	taagtgtac:taagtgtac	TTAGATACCCCACTATGC	TAGAACAGGCTCCTCTAG	F
1	L2COC212S	ttacttcga:ttacttcga	TTAGATACCCCACTATGC	TAGAACAGGCTCCTCTAG	F
1	L2COC312S	ttgagcaca:ttgagcaca	TTAGATACCCCACTATGC	TAGAACAGGCTCCTCTAG	F
1	L2NCA112S	tatgtccgc:tatgtccgc	TTAGATACCCCACTATGC	TAGAACAGGCTCCTCTAG	F
1	L2NCA212S	gataaccgt:gataaccgt	TTAGATACCCCACTATGC	TAGAACAGGCTCCTCTAG	F
1	L2NCA312S	gtaatcctt:gtaatcctt	TTAGATACCCCACTATGC	TAGAACAGGCTCCTCTAG	F
1	L2NCB112S	aatcttgtc:aatcttgtc	TTAGATACCCCACTATGC	TAGAACAGGCTCCTCTAG	F
1	L2NCB212S	cgtgatact:cgtgatact	TTAGATACCCCACTATGC	TAGAACAGGCTCCTCTAG	F
1	L2NCB312S	caccatgat:caccatgat	TTAGATACCCCACTATGC	TAGAACAGGCTCCTCTAG	F
1	L2NCC112S	agcagcctc:agcagcctc	TTAGATACCCCACTATGC	TAGAACAGGCTCCTCTAG	F
1	L2NCC212S	ctgatggtg:ctgatggtg	TTAGATACCCCACTATGC	TAGAACAGGCTCCTCTAG	F
1	L2NCC312S	agcgacgac:agcgacgac	TTAGATACCCCACTATGC	TAGAACAGGCTCCTCTAG	F
1	P2COA112S	taccgacct:taccgacct	TTAGATACCCCACTATGC	TAGAACAGGCTCCTCTAG	F
1	P2COA212S	tcgctgagc:tcgctgagc	TTAGATACCCCACTATGC	TAGAACAGGCTCCTCTAG	F
1	P2COA312S	attgatggc:attgatggc	TTAGATACCCCACTATGC	TAGAACAGGCTCCTCTAG	F
1	P2COB112S	ctatacaga:ctatacaga	TTAGATACCCCACTATGC	TAGAACAGGCTCCTCTAG	F
1	P2COB212S	ggtcacaag:ggtcacaag	TTAGATACCCCACTATGC	TAGAACAGGCTCCTCTAG	F
1	P2COB312S	attcacatt:attcacatt	TTAGATACCCCACTATGC	TAGAACAGGCTCCTCTAG	F
1	P2COC112S	tatgataga:tatgataga	TTAGATACCCCACTATGC	TAGAACAGGCTCCTCTAG	F
1	P2COC212S	tatatggtt:tatatggtt	TTAGATACCCCACTATGC	TAGAACAGGCTCCTCTAG	F
1	P2COC312S	aacaagtaa:aacaagtaa	TTAGATACCCCACTATGC	TAGAACAGGCTCCTCTAG	F
1	P2NCA112S	tcgcgatta:tcgcgatta	TTAGATACCCCACTATGC	TAGAACAGGCTCCTCTAG	F
1	P2NCA212S	ttaccgcag:ttaccgcag	TTAGATACCCCACTATGC	TAGAACAGGCTCCTCTAG	F
1	P2NCA312S	atcatgacg:atcatgacg	TTAGATACCCCACTATGC	TAGAACAGGCTCCTCTAG	F
1	P2NCB112S	aacatcttc:aacatcttc	TTAGATACCCCACTATGC	TAGAACAGGCTCCTCTAG	F
1	P2NCB212S	caatcaggc:caatcaggc	TTAGATACCCCACTATGC	TAGAACAGGCTCCTCTAG	F
1	P2NCB312S	tatgaactg:tatgaactg	TTAGATACCCCACTATGC	TAGAACAGGCTCCTCTAG	F
1	P2NCC112S	tcgagccta:tcgagccta	TTAGATACCCCACTATGC	TAGAACAGGCTCCTCTAG	F
1	P2NCC212S	catggacac:catggacac	TTAGATACCCCACTATGC	TAGAACAGGCTCCTCTAG	F
1	P2NCC312S	tataagtgt:tataagtgt	TTAGATACCCCACTATGC	TAGAACAGGCTCCTCTAG	F
1	P3COA112S	gagtgcgct:gagtgcgct	TTAGATACCCCACTATGC	TAGAACAGGCTCCTCTAG	F
1	P3COA212S	agcattgcg:agcattgcg	TTAGATACCCCACTATGC	TAGAACAGGCTCCTCTAG	F
1	P3COA312S	tcgttagta:tcgttagta	TTAGATACCCCACTATGC	TAGAACAGGCTCCTCTAG	F
1	P3COB112S	gttaagaca:gttaagaca	TTAGATACCCCACTATGC	TAGAACAGGCTCCTCTAG	F
1	P3COB212S	gtacctgat:gtacctgat	TTAGATACCCCACTATGC	TAGAACAGGCTCCTCTAG	F
1	P3COB312S	ggtcaagtt:ggtcaagtt	TTAGATACCCCACTATGC	TAGAACAGGCTCCTCTAG	F
1	P3COC112S	ctctgcctg:ctctgcctg	TTAGATACCCCACTATGC	TAGAACAGGCTCCTCTAG	F
1	P3COC212S	ttcaagcat:ttcaagcat	TTAGATACCCCACTATGC	TAGAACAGGCTCCTCTAG	F
1	P3COC312S	gctggcctt:gctggcctt	TTAGATACCCCACTATGC	TAGAACAGGCTCCTCTAG	F
1	P3NCA112S	attgtccta:attgtccta	TTAGATACCCCACTATGC	TAGAACAGGCTCCTCTAG	F
1	P3NCA212S	gagattccg:gagattccg	TTAGATACCCCACTATGC	TAGAACAGGCTCCTCTAG	F
1	P3NCA312S	taccataca:taccataca	TTAGATACCCCACTATGC	TAGAACAGGCTCCTCTAG	F
1	P3NCB112S	tccaggtcc:tccaggtcc	TTAGATACCCCACTATGC	TAGAACAGGCTCCTCTAG	F
1	P3NCB212S	tatccgaac:tatccgaac	TTAGATACCCCACTATGC	TAGAACAGGCTCCTCTAG	F
1	P3NCB312S	ctcagcatc:ctcagcatc	TTAGATACCCCACTATGC	TAGAACAGGCTCCTCTAG	F
1	P3NCC112S	ggccggcac:ggccggcac	TTAGATACCCCACTATGC	TAGAACAGGCTCCTCTAG	F
1	P3NCC212S	ttggaattc:ttggaattc	TTAGATACCCCACTATGC	TAGAACAGGCTCCTCTAG	F
1	P3NCC312S	tattattca:tattattca	TTAGATACCCCACTATGC	TAGAACAGGCTCCTCTAG	F
1	EGCOC112S	tggtggtcg:tggtggtcg	TTAGATACCCCACTATGC	TAGAACAGGCTCCTCTAG	F
1	EGCOC212S	cctactatc:cctactatc	TTAGATACCCCACTATGC	TAGAACAGGCTCCTCTAG	F
1	EGNCC112S	ctgcttcag:ctgcttcag	TTAGATACCCCACTATGC	TAGAACAGGCTCCTCTAG	F
1	EGNCC212S	tacgttcgt:tacgttcgt	TTAGATACCCCACTATGC	TAGAACAGGCTCCTCTAG	F
1	EXNeg112S	aatatctcg:aatatctcg	TTAGATACCCCACTATGC	TAGAACAGGCTCCTCTAG	F
1	PCNeg112S	ggcaatggt:ggcaatggt	TTAGATACCCCACTATGC	TAGAACAGGCTCCTCTAG	F
